Country Name,IsCountry,Country Code,Region,Population Total,Population Density (people per sq. km of land area),Population Growth (%),Population Urban (% of total),Birth Rate (per 1000 people),Death Rate (per 1000 people),Life Expectancy (years),Migration,Literacy Rate (% of people ages 15+),Unemployment (% of labor force),Land Area (sq. km),GDP,GDP per Capita,GDP Growth (%),Trade (% of GDP),Debt Total,Debt per Captia,Debt per GDP (%),Internet Users,Internet Rate (per 100 people),Electricity Rate (% of population),Electricity Production (kWh),Electricity Coal (kWh),Electricity Water,Electricity Gas,Electricity Nuclear,Electricity Oil,Electricity Renewable,Emissions CO2 (kg per PPP $ of GDP),Roads Density (km of road per 100 sq. km),Roads Passengers (mln passenger-km),Air Passengers,Railways Passengers (mln passenger-km),Motor Vehicles (per 1000 people),Hospital Beds (per 1000 people),Telephone Lines (per 100 people),Mobile Phones (per 100 people),Armed Forces Rate (% of labor force),Armed Forces Total
Afghanistan,yes,AFG,Asia,29824536,44,2.46,24,35,8.68,60,-400000,,8.6,652000,20506795254,688,8.43,45,1280000000,92,22,1500,0.01,30,,,,,,,,0.181,3.55,230,1740000,,28,,0.3,46,4.5,338000
Albania,yes,ALB,Europe,2801681,104,-0.96,54,13,6.6,77,-50000,,14.7,27400,12344532541,4406,3.5,85,5281000000,882,23,160000,5.06,,4159000000,,4158000000,,,1000000,4158000000,0.158,,7900,814000,32,121,2.43,9.87,86,1.21,14800
Algeria,yes,DZA,Africa,38481705,16,1.85,74,25,5.8,71,-50000,,9.8,2380000,2.04E+11,5310,3.6,65,4344000000,115,3,1154748,3,99,51224000000,,502000000,47906000000,,2816000000,502000000,0.272,4.77,,4080000,1040,114,,8.4,88,2.6,317000
American Samoa,yes,ASM,Oceania,55128,278,-1.09,93,,,,,,,200,,,,,,,,,,,,,,,,,,,,,56100,,,,18.1,,,
Andean Region,no,ANR,,,,,,,,,,,,,,,,,,,,,,,,,,,,,,,,,,,,,,,,
Andorra,yes,ADO,Europe,78360,166,-0.96,87,10,2.8,,,,,470,3163000000,40365,,,1299993000,15212,41.1,26905,34.3,,,,,,,,,,,,,,,,48.9,84,,
Angola,yes,AGO,Africa,20820525,16,3.24,60,45,14.9,51,65500,71,7.5,1250000,1.15E+11,5539,3.41,101,19650000000,944,21,42344,0.2,40,5651000000,,4007000000,,,1644000000,4007000000,0.225,,,1130000,,,,1,48,1.53,117000
Antigua and Barbuda,yes,ATG,North America,89069,198,1.08,30,17,6.27,75,-56,99,,440,1194074074,13406,-7.18,98,458000000,4388,36,4130,4.64,,,,,,,,,0.292,,,1310000,,,2.1,37.2,193,,180
Arab World,no,ARB,Asia,362466629,26,2.23,57,26,6.02,70,354000,,10.82,13600000,2.76E+12,7627,5.37,97,,,,9443733,2.86,88,8.99E+11,11679000000,30111000000,5.51E+11,,2.10E+11,32881000000,0.317,8.91,,152000000,,,,9.57,88,2.92,3540000
Argentina,yes,ARG,South America,41086927,15,0.87,93,17,7.73,76,-100000,98,7.2,2740000,6.03E+11,14680,9.14,30,3.34E+11,7759,44.8,5147626,12.5,97,1.30E+11,3238000000,31564000000,66638000000,6371000000,19591000000,33717000000,,,35900,9380000,8590,,4.5,23,141,0.55,104000
Armenia,yes,ARM,Asia,2969081,104,-0.16,64,14,8.61,74,-50000,100,18.5,28500,9958217880,3354,2.2,74,6435000000,1584,56,206753,6.96,,7433000000,,2489000000,2390000000,2548000000,,2492000000,0.223,26.1,2510,365000,50,,3.95,19.7,130,3.32,49100
Aruba,yes,ABW,South America,102384,564,0.18,47,10,7.91,75,1250,,,180,,,,,478600000,4935,21,,,,,,,,,,,,,,,,,,35.2,130,,
Australia,yes,AUS,Oceania,22723900,3,1.56,89,14,6.5,82,750000,,5.2,7680000,1.53E+12,67436,1.96,43,1.51E+12,52596,95,5611000,24.3,,2.53E+11,1.73E+11,16756000000,49658000000,,4103000000,25520000000,0.433,10.7,319000,66400000,,698,,45.4,100,0.47,56200
Austria,yes,AUT,Europe,8429991,102,0.29,68,9,9.2,80,150000,,4.3,82400,3.94E+11,46792,1.77,111,8.84E+11,90128,200,2118000,25,,62160000000,7321000000,34180000000,12394000000,,1011000000,40815000000,0.197,131,84700,14500000,10400,578,7.6,39.9,146,0.52,22800
Azerbaijan,yes,AZE,Asia,9295784,110,1.19,54,19,5.9,71,,100,5.4,82700,68730906314,7394,4.85,79,4042000000,8513,6,1280535,13.8,,20294000000,,2676000000,17280000000,,338000000,2676000000,0.323,21.9,16600,1560000,591,107,4.55,18.5,100,1.73,82000
Bahamas,yes,BHS,North America,371960,36,1.68,84,15,5.9,75,9670,,13.6,10000,8149004000,21908,0.99,108,16680000000,1067,6,,,,,,,,,,,0.308,,,1050000,,,2.9,36.3,119,0.39,850
Bahrain,yes,BHR,Asia,1317827,1650,4.91,89,16,2.31,76,22100,,7.4,760,30362317939,23040,4.34,124,25270000000,13261,65,173968,13.2,99,13826000000,,,13826000000,,,,0.486,542,,5860000,,352,,22.7,125,2.62,19500
Bangladesh,yes,BGD,Asia,154695368,1160,1.08,29,20,5.9,70,-2040000,59,4.5,130000,1.16E+11,750,6.07,55,36210000000,149,23,600461,0.39,47,44061000000,780000000,872000000,40308000000,,2101000000,872000000,0.177,,,2200000,7310,3,0.6,0.62,45,0.29,221000
Barbados,yes,BRB,North America,283221,652,0.5,45,13,9.29,75,2000,,11.6,430,4224850000,14917,0.25,97,4490000000,2456,22,66884,23.6,,,,,,,,,0.357,,,,,,,50.6,125,0.37,610
Belarus,yes,BLR,Europe,9464000,47,-0.18,75,12,14.5,70,-10000,,9.7,203000,63615445567,6722,7.74,158,1067000000,2629,45,2530945,26.9,,32192000000,8000000,42000000,31638000000,,341000000,150000000,0.426,41.6,10200,943000,8980,321,11.3,46.9,109,3.53,158000
Belgium,yes,BEL,Europe,11128246,361,1.14,98,11,9.6,80,150000,,7.5,30300,4.83E+11,43396,2.34,171,1.42E+12,113603,266,3679196,33.3,,89008000000,5375000000,196000000,25438000000,48234000000,290000000,8377000000,0.262,504,133000,9510000,10800,559,6.53,41.9,111,0.63,30700
Belize,yes,BLZ,North America,324060,14,2.49,45,24,4.59,73,7600,,7.9,22800,1572500000,4852,3.85,,1457000000,3079,75,9973,3.08,,,,,,,,,0.168,,,448000,,,1.1,7.84,63,0.75,1050
Benin,yes,BEN,Asia,10050702,84,2.87,46,37,9.84,59,-10000,,1,113000,7543183759,751,2.55,,953500000,308,43,4623,0.05,28,154000000,,,,,153000000,1000000,0.341,,,58300,,,,1.56,74,0.23,9450
Bermuda,yes,BMU,North America,64798,1300,-0.78,100,12,7.74,79,,,,50,5473536000,84471,-2.09,,160000000,2575,5,,,,,,,,,,,0.132,,,,,427,,106,136,,
Bhutan,yes,BTN,Asia,741822,19,1.74,36,20,6.67,67,10000,,2.1,38400,1861157558,2509,11.7,101,1275000000,1193,64,16766,2.26,,,,,,,,,0.104,18,,193000,,60,1.8,3.64,55,,
Bolivia,yes,BOL,South America,10496285,9,1.62,67,26,7.29,66,-125000,94,3.2,1080000,27035110130,2576,4.13,85,5604000000,275,15,110600,1.05,80,7222000000,,2347000000,4514000000,,115000000,2593000000,0.294,7.38,,2210000,,,1.1,8.38,71,1.69,83200
Bosnia and Herzegovina,yes,BIH,Europe,3833916,75,-0.2,49,9,9.64,76,-5000,98,28.2,51000,16853238733,4396,0.7,86,9051000000,2052,48,406776,10.6,,15280000000,10806000000,4387000000,49000000,,38000000,4387000000,0.929,44.3,1860,24900,55,214,,23.1,81,0.72,10500
Botswana,yes,BWA,Africa,2003910,3,0.9,62,24,17.4,46,20000,87,17.7,567000,14537490553,7255,8.59,103,1968000000,1208,16,18838,0.94,45,372000000,372000000,,,,,,0.204,,,415000,,159,,8.01,120,1.03,10500
Brazil,yes,BRA,South America,198656019,23,0.89,85,15,6.39,73,-190000,91,6.9,8460000,2.25E+12,11320,7.53,27,4.28E+11,1608,15,18186476,9.15,99,5.32E+11,12379000000,4.28E+11,25095000000,15659000000,14796000000,4.63E+11,0.156,18.6,,94800000,,,2.3,22.3,101,0.68,713000
Brunei,yes,BRN,Oceania,412238,76,1.55,76,16,2.97,78,1760,95,3.8,5270,16953952625,41127,2.6,113,,,,19849,4.81,100,3725000000,,,3686000000,,37000000,2000000,0.33,52.5,,1040000,,277,2.79,17.2,109,4.7,9250
Bulgaria,yes,BGR,Europe,7305888,68,-0.66,74,10,14.9,74,-50000,,12.3,109000,51303659418,7022,0.4,136,43240000000,6261,90,1306251,17.9,,50023000000,27537000000,2917000000,2077000000,16314000000,137000000,3935000000,0.419,17.5,10600,973000,1880,393,6.4,29.3,138,1.41,47300
Burkina Faso,yes,BFA,Africa,16460141,57,2.91,27,41,12,55,-125000,,3.3,274000,10726305450,652,7.94,62,2442000000,136,23,14328,0.09,15,,,,,,,,0.0779,5.57,,126000,,12,,0.86,37,0.15,11500
Burundi,yes,BDI,Africa,9849569,360,3.37,11,45,13.6,53,-20000,,7.7,25700,2472384813,251,3.79,46,231700000,167,202,487,0,,,,,,,,,0.0469,,,,,,1.9,0.18,18,1.12,51000
Cabo Verde,yes,CPV,Africa,494401,121,0.39,63,20,5.17,74,-17200,85,7.6,4030,1757304419,3554,1.47,87,741300000,714,52,19853,4.02,,,,,,,,,0.124,,,598000,,,,14.2,76,0.52,1200
Cambodia,yes,KHM,Asia,14864646,81,1.55,20,26,6.12,71,-175000,,1.5,177000,14054443213,945,5.96,,5071000000,304,37,29734,0.2,31,1053000000,34000000,45000000,,,951000000,68000000,0.118,,,509000,,,0.7,3.93,57,2.27,191000
Cameroon,yes,CMR,Africa,21699631,44,2.56,53,38,12.6,54,-50000,,3.8,473000,26472637887,1220,3.34,58,3343000000,164,15,13846,0.06,49,5996000000,,4397000000,439000000,,1098000000,4459000000,0.145,10.5,,248000,495,,,3.4,42,0.27,23200
Canada,yes,CAN,North America,34754312,4,1.11,81,11,7.1,81,1100000,,7.2,9090000,1.82E+12,52409,3.37,62,1.33E+12,29625,64,11314190,32.5,,6.37E+11,76364000000,3.76E+11,62111000000,93589000000,6531000000,3.97E+11,0.367,,,70500000,2780,,,50.7,76,0.34,66000
Caribbean small states,no,CSS,,6964458,17,0.65,43,16,7.78,71,-123000,,12.25,405000,65276329430,9373,0.45,,,,,522147,7.85,,,,101000000,8843000000,,4744000000,421000000,0.723,,,5920000,,,,17.6,114,0.42,12500
Cayman Islands,yes,CYM,North America,57570,231,2.25,100,13,2.8,,,,,240,,,,,79000000,2078,7,19325,33.6,,,,,,,,,,,,,,613,,65,181,,
Central African Republic,yes,CAF,Africa,4525209,7,1.94,39,34,16.2,48,10000,,7.5,623000,2169706411,479,6.64,33,469500000,270,68,,,,,,,,,,,0.0687,3.26,,,,,1,0.02,23,0.38,8150
Central Europe and the Baltics,no,CEB,,104429039,95,-0.23,62,10,11.4,75,121000,,9.98,1100000,1.32E+12,12620,2.18,108,,,,18448911,17.4,,4.76E+11,2.74E+11,37386000000,40363000000,93655000000,5209000000,62336000000,0.342,105,29400,32500000,1880,424,6.42,21.6,121,1.04,520000
Chad,yes,TCD,Africa,12448175,9,3.03,22,46,15.4,50,-120000,37,7.8,1260000,12887072082,1035,13.6,69,1749000000,160,21,19454,0.16,,,,,,,,,0.0209,,,52000,,,,0.22,25,0.76,34900
Channel Islands,no,CHI,,161235,840,0.6,31,10,9.03,80,3650,,,190,,,,,,,,,,,,,,,,,,,,,,,,,,,,
Chile,yes,CHL,South America,17464814,23,0.93,89,14,5.45,79,30000,,6.4,744000,2.66E+11,15245,5.76,68,1.02E+11,5867,38,2154162,12.3,99,65713000000,19619000000,21009000000,13719000000,,6355000000,26020000000,0.231,10.3,,12900000,840,184,2.1,18.8,116,1.25,106000
China,yes,CHN,Asia,1350695000,143,0.48,52,12,7.11,75,-1500000,,4.5,9330000,8.23E+12,6093,10.4,52,3.00E+12,2221,37.5,175183000,12.7,100,4.72E+12,3.72E+12,6.99E+11,84022000000,86350000000,7857000000,8.03E+11,0.684,41.8,1500000,318000000,796000,58,3.8,20.2,63,0.38,2990000
Colombia,yes,COL,South America,47704427,42,1.39,76,19,5.53,73,-120000,,10.4,1110000,3.70E+11,7763,3.97,38,85140000000,1269,20,3893674,8.16,97,61822000000,2142000000,48878000000,8255000000,,507000000,50918000000,0.154,17.8,,22000000,,,1.4,15,96,1.91,440000
Comoros,yes,COM,Africa,717503,367,2.52,28,36,9.19,60,-10000,76,7,1860,595898770,831,2.05,,485400000,430,115,1233,0.17,,,,,,,,,0.14,,,,,,,3.34,24,,
Congo Dem. Rep.,yes,ZAR,Africa,65705093,27,2.78,35,43,16.2,49,-75000,,7.2,2270000,27452795398,418,7.08,,7644000000,197,122,5059,0.01,15,7882000000,,7847000000,29000000,,6000000,7847000000,0.0789,,,472000,22,,,0.09,19,0.52,134000
Congo Rep.,yes,COG,Africa,4337051,12,2.88,64,38,11.1,57,-45400,,7.1,342000,13677929162,3154,8.75,,7644000000,1722,155,362,0.01,37,1293000000,,791000000,493000000,,9000000,791000000,0.0909,,,704000,207,,,0.34,90,0.68,12000
Costa Rica,yes,CRI,North America,4805295,92,1.47,65,15,4.17,79,64300,,7.6,51100,45374788701,9443,4.95,79,12040000000,1874,24,448066,9.32,99,9833000000,,7135000000,,,863000000,8970000000,0.138,78.2,,1770000,,180,1.2,20.7,67,0.43,9800
Cote d'Ivoire,yes,CIV,Africa,19839750,60,2,52,37,14.9,50,50000,41,4,318000,24680372724,1244,2.36,105,4742000000,527,51,46167,0.23,59,6099000000,,1774000000,4228000000,,33000000,1838000000,0.113,,,39500,,,,1.39,82,,
Croatia,yes,HRV,Europe,4267558,79,-0.26,58,10,11.8,77,-20000,,15.8,56000,56155732957,13159,-2.27,87,64250000000,13519,99,890324,20.7,,10702000000,2582000000,4491000000,2621000000,,752000000,4747000000,0.252,51.8,3280,1870000,1100,380,5.98,37.9,114,1.05,19600
Cuba,yes,CUB,North America,11270957,106,-0.06,75,10,7.45,79,-140000,100,2.4,106000,,,2.39,,22360000000,1780,34,5013,0.04,97,17755000000,,99000000,2055000000,,7691000000,567000000,0.19,,6610,1310000,,,5.1,10.8,9,1.42,75500
Curacao,yes,CUW,North America,152056,336,2.32,,13,8.4,,14100,,,444,,,,,,,,35230,22.7,,,,,,,,,,,,,,,,41.1,138,,
Cyprus,yes,CYP,Europe,1128994,119,1.2,71,12,6.86,79,35000,,11.8,9240,22766912960,26352,1.3,,1.07E+11,37812,129,217072,19.2,,4929000000,,,,,4751000000,178000000,0.299,135,7200,1290000,,532,3.5,33.1,94,2.15,12800
Czech Republic,yes,CZE,Europe,10510785,136,0.29,73,10,10.2,77,200000,,7,77200,1.96E+11,18690,2.47,150,90180000000,8260,45,1748090,16.4,,86753000000,49888000000,1963000000,1171000000,28283000000,99000000,7247000000,0.411,166,79900,3590000,6910,486,6.8,19.9,123,0.51,26800
Denmark,yes,DNK,Europe,5591572,131,0.44,87,10,9.8,79,75000,,7.5,42400,3.15E+11,56364,1.39,105,6.27E+11,101084,180,2171998,38.8,,35171000000,13966000000,17000000,5811000000,,452000000,14164000000,0.204,172,67400,,7640,480,,41.1,116,0.59,17200
Djibouti,yes,DJI,Africa,859652,36,1.47,77,28,9.25,60,-16000,,,23200,1353632942,1575,4.45,,802900000,573,56,14907,1.73,,,,,,,,,0.247,,,,,,,2.32,20,4.4,13000
Dominica,yes,DMA,North America,71684,95,0.24,67,,8.26,,,,,750,495555556,6913,1.2,89,253800000,3000,75,8500,11.9,,,,,,,,,0.195,121,,,,,3.8,22.7,148,,
Dominican Republic,yes,DOM,North America,10276621,207,1.33,70,21,5.99,73,-140000,90,13,48300,58920504571,5733,7.75,59,16580000000,1162,25,446681,4.35,97,12975000000,1992000000,1531000000,3251000000,,6174000000,1558000000,0.205,,,28400,,,1.7,11,89,1.32,61000
East Asia & Pacific (all income levels),no,EAS,,2233723905,91,0.67,54,14,7,74,-994000,,4.47,24300000,2.03E+13,9077,6.95,64,,,,262410087,11.7,92,7.62E+12,4.79E+12,9.19E+11,1.01E+12,3.85E+11,2.16E+11,1.12E+12,0.483,28.7,,809000000,,115,3.55,20.9,74,0.68,8630000
East Asia & Pacific (developing only),no,EAP,,1991555125,124,0.71,50,14,6.92,74,-3060000,,4.5,15900000,1.03E+13,5187,9.7,65,,,,191806831,9.62,92,5.41E+12,3.95E+12,7.85E+11,3.52E+11,86350000000,72140000000,9.15E+11,0.578,37.1,,526000000,,65,3.56,17,70,0.64,7180000
East Asia and the Pacific (IFC classification),no,CEA,,,,,,,,,,,,,,,,,,,,,,,,,,,,,,,,,,,,,,,,
Ecuador,yes,ECU,South America,15492264,60,1.64,68,21,4.96,76,-30000,,4.5,248000,84039856000,5425,2.95,64,20030000000,995,25,818718,5.28,92,20266000000,,11133000000,1935000000,,6632000000,11699000000,0.246,,,4760000,,71,1.6,14.9,99,0.79,58500
Egypt,yes,EGY,Africa,80721874,78,1.68,44,24,6.65,71,-216000,74,11.9,995000,2.63E+11,3256,5.15,43,34880000000,391,14,2287249,2.83,100,1.57E+11,,12934000000,1.17E+11,,24676000000,14892000000,0.252,13.7,,9080000,40800,,,10.6,91,3.07,836000
El Salvador,yes,SLV,North America,6297394,300,0.56,65,20,6.51,72,-225000,,6.9,20700,23813600000,3782,1.36,70,12840000000,1953,53,242100,3.84,92,5805000000,,2011000000,,,1977000000,3828000000,0.142,34.5,,2520000,,97,1,16.8,124,1.19,32300
Equatorial Guinea,yes,GNQ,Africa,736296,25,2.81,40,36,14.2,52,20000,95,7.6,28100,16486743747,22391,-1.3,158,1232000000,634,6,1480,0.2,,,,,,,,,0.199,,,317000,,,,2.02,57,0.34,1320
Eritrea,yes,ERI,Africa,6130922,57,3.24,22,37,7.45,61,55000,70,7.9,101000,3091967480,504,2.19,,1026000000,195,58,125,0,32,337000000,,,,,335000000,2000000,0.0842,,,,,,0.7,0.98,3,6.83,202000
Estonia,yes,EST,Europe,1325016,31,-0.23,70,11,11.8,75,,,10.1,42400,22376042498,16887,2.56,181,22228000000,16944,87,328726,25.5,,12893000000,11335000000,30000000,250000000,,43000000,1179000000,0.669,129,2270,915000,237,476,5.3,34.7,127,0.83,5750
Ethiopia,yes,ETH,Africa,91728849,87,2.63,17,34,8.46,62,-60000,,5.4,1000000,42805215879,467,12.6,46,9956000000,51,14,6772,0.01,23,5161000000,,5109000000,,,33000000,5128000000,0.0716,,,5000000,,,6.3,0.87,8,0.32,138000
Euro area,no,EMU,,333228712,127,0.25,76,10,9.32,81,3390000,,11.37,2610000,1.22E+13,36650,1.98,87,,,,99600199,29.7,,2.30E+12,4.98E+11,2.12E+11,5.08E+11,7.05E+11,64470000000,4.94E+11,0.214,139,89500,437000000,4860,588,5.62,48.5,116,0.94,1510000
Europe & Central Asia (all income levels),no,ECS,,895364677,33,0.45,71,13,10.2,76,5590000,,9.34,27400000,2.14E+13,23852,2.45,83,,,,188714588,21.1,,5.29E+12,1.31E+12,7.88E+11,1.47E+12,1.20E+12,1.03E+11,1.17E+12,0.304,28.2,61600,750000000,4090,452,5.04,35.6,120,1.17,5030000
Europe & Central Asia (developing only),no,ECA,,270395971,42,0.73,60,16,9.51,72,-661000,,9.73,6340000,1.87E+12,6907,5.9,77,,,,27221313,10.1,,9.09E+11,3.24E+11,1.63E+11,2.69E+11,1.37E+11,4501000000,1.74E+11,0.441,23.1,10200,100000000,1810,197,,21.4,100,1.4,1660000
Europe and Central Asia (IFC classification),no,CEU,,,,,,,,,,,,,,,,,,,,,,,,,,,,,,,,,,,,,,,,
European Union,no,EUU,,505640311,119,0.24,74,10,9.69,80,4660000,,10.49,4240000,1.66E+13,32917,2.04,85,,,,142799477,28.1,,3.26E+12,8.76E+11,3.11E+11,6.96E+11,9.07E+11,73941000000,6.76E+11,0.229,132,76100,581000000,5890,547,5.37,43.8,118,0.89,2190000
Faeroe Islands,yes,FRO,Europe,49506,36,-0.04,41,13,7.2,81,,,,1400,,,,,888800000,,,16324,33,,,,,,,,,,,,,,556,,37.7,120,,
Fiji,yes,FJI,Oceania,874742,47,0.94,53,21,6.63,69,-28700,,8.4,18300,4035420973,4613,0.11,123,268000000,150,5,13516,1.55,,,,,,,,,0.208,,,1230000,,179,,10.1,81,1.02,3500
Finland,yes,FIN,Europe,5413971,18,0.46,84,11,9.5,80,50000,,7.6,304000,2.47E+11,45649,3.36,82,5.78E+11,68960,155,1642800,30.4,,73481000000,10305000000,12445000000,9444000000,23187000000,416000000,24150000000,0.315,23.1,72300,10700000,4040,612,5.5,16.4,156,0.92,25000
Fragile and conflict affected situations,no,FCS,,436224882,29,2.31,38,34,10.3,59,-2410000,,7.85,14400000,6.73E+11,1544,5.14,,,,,1367216,0.36,44,2.24E+11,19299000000,39948000000,77974000000,,43406000000,40115000000,0.25,,,11400000,,,,2.7,39,1.85,3080000
France,yes,FRA,Europe,65676758,119,0.49,86,13,8.5,82,650000,,9.9,548000,2.61E+12,39759,1.72,57,5.28E+12,74619,182,23975000,37.5,,5.57E+11,17310000000,44819000000,26755000000,4.42E+11,3439000000,64789000000,0.16,191,861000,64700000,85600,580,6.4,62.1,91,1.08,326000
French Polynesia,no,PYF,Oceania,273814,73,1,51,17,5.1,76,-500,,,3660,,,,,,,,40200,14.7,,,,,,,,,,,,,,,,20.1,81,,
Gabon,yes,GAB,Africa,1632572,6,2.41,87,32,9.65,62,5000,82,20.3,258000,17843815459,10930,6.7,91,2758000000,1587,18,5000,0.31,60,1769000000,,809000000,584000000,,367000000,818000000,0.101,,,42700,118,,,1.38,103,1.1,6700
Gambia,yes,GMB,Africa,1791225,166,3.16,58,43,10.1,58,-13500,52,7.7,10100,914109100,510,6.53,79,545800000,306,50,500,0.03,,,,,,,,,0.173,,,11300,,,1.1,3.58,88,0.11,800
Georgia,yes,GEO,Asia,4490700,78,0.95,53,14,11.2,74,-125000,100,15,69500,15846484588,3529,6.25,96,8688742000,1940,54.8,392436,9,,10194000000,,7890000000,2297000000,,7000000,7890000000,0.24,27.3,5880,178000,,155,2.91,29.3,91,1.35,32400
Germany,yes,DEU,Europe,80425823,235,-0.15,74,8,10.5,80,550000,,5.4,349000,3.43E+12,42598,4.01,98,5.72E+12,57755,142,27906896,33.7,,6.02E+11,2.72E+11,17268000000,83630000000,1.08E+11,6608000000,1.23E+11,0.238,180,980000,106000000,80200,572,8.2,60.5,106,0.45,186000
Ghana,yes,GHA,Africa,25366462,107,2.38,53,31,9.3,61,-100000,,3.6,228000,41740897827,1646,8.01,101,11230000000,274,21,65332,0.26,61,11200000000,,7561000000,2724000000,,,7561000000,0.123,,,691000,,,0.9,1.12,72,0.14,15500
Greece,yes,GRC,Europe,11092771,87,-0.3,62,9,9.6,80,50000,97,24.2,129000,2.48E+11,22395,-4.94,59,5.83E+11,47636,174,2685354,24.1,,59172000000,31063000000,4011000000,13938000000,,5915000000,8143000000,0.274,88.6,121000,8790000,1410,580,,49.1,111,2.92,147000
Greenland,yes,GRL,Europe,56810,0,1.03,85,14,9,71,,,,410000,,,,,36400000,1035,5,11309,19.9,,,,,,,,,,,,,,,,33.3,101,,
Grenada,yes,GRD,North America,105483,308,0.37,40,19,7.58,72,-4270,,,340,801481467,7598,-0.48,73,538000000,3402,74,16000,15.2,,,,,,,,,0.227,,,,,,3.5,26.3,116,,
Guam,no,GUM,Oceania,162810,295,0.52,93,17,4.77,78,,,,540,,,,,,,,,,,,,,,,,,,,,,,,,41.2,,,
Guatemala,yes,GTM,North America,15082831,134,2.49,50,31,5.44,71,-75000,78,4.2,107000,50388454861,3341,2.87,61,16170000000,1216,42,273742,1.81,80,8146000000,1176000000,3245000000,,,1520000000,5450000000,0.115,14.8,,288000,,68,0.6,11.6,126,0.7,42300
Guinea,yes,GIN,Asia,11451273,44,2.63,36,37,12,55,-10000,,3.1,246000,5651088170,493,1.94,92,2652000000,305,68,700,0.01,,,,,,,,,0.0977,17.6,,,,,0.3,,37,0.26,12300
Guinea-Bissau,yes,GNB,Asia,1663558,56,2.28,45,38,13,54,-10000,57,7.5,28100,822320638,494,3.47,49,1095000000,722,259,,,,,,,,,,,0.123,,,,,,,0.3,43,0.91,6450
Guyana,yes,GUY,South America,795369,4,0.65,29,21,7.03,66,-32800,,21.7,197000,2851154076,3585,4.37,,1234000000,1049,42,29200,3.67,,,,,,,,,0.398,,,248000,,,,19.4,71,0.36,1100
Haiti,yes,HTI,North America,10173775,359,1.34,55,26,8.95,62,-175000,,7,27600,7890216508,776,-5.5,61,854700000,36,5,,,20,718000000,,120000000,,,567000000,151000000,0.144,,,,,,,0.49,40,0,50
Heavily indebted poor countries (HIPC),no,HPC,,655971763,32,2.73,32,38,10.9,57,-3310000,,6.09,19800000,5.28E+11,806,5.47,72,,,,790656,0.12,28,1.40E+11,186000000,70870000000,15086000000,,13621000000,72494000000,0.126,,,18100000,,,,1.09,37,0.62,1640000
High income,no,HIC,,1299489520,25,0.61,80,12,8.89,79,16900000,,7.76,51300000,4.99E+13,38390,3.01,61,,,,342829251,26.3,,1.22E+13,3.82E+12,1.48E+12,3.30E+12,2.28E+12,4.12E+11,2.16E+12,0.316,35,82300,1880000000,6910,606,,43.3,115,1.07,7100000
High income: nonOECD,no,NOC,,249927994,12,0.96,77,14,10.5,72,4240000,,5.73,19800000,5.18E+12,20735,6.33,145,,,,37402312,15,,2.04E+12,3.21E+11,1.84E+11,9.39E+11,2.15E+11,1.64E+11,1.91E+11,0.423,7.69,,254000000,,,,31.8,158,1.82,2320000
High income: OECD,no,OEC,,1049561526,33,0.52,81,11,8.51,80,12700000,,8.21,31500000,4.47E+13,42627,2.76,56,,,,305426939,29,,1.02E+13,3.50E+12,1.30E+12,2.36E+12,2.06E+12,2.48E+11,1.96E+12,0.298,56,102000,1630000000,7640,623,4.2,46.1,105,0.91,4780000
Honduras,yes,HND,North America,7935846,68,2.01,53,26,4.91,73,-50000,85,4.8,112000,18564264545,2339,3.73,121,4884000000,465,23,61277,0.77,80,7126000000,126000000,2815000000,,,3901000000,3099000000,0.254,,,422000,,,0.7,7.69,125,0.63,20000
Hong Kong,yes,HKG,Asia,7154600,6740,0.73,100,13,6,83,150000,,3.3,1040,2.63E+11,36708,6.77,450,1.05E+12,105420,334,2228147,31.2,,39030000000,27781000000,,11132000000,,115000000,2000000,0.109,190,,32200000,,77,,61.3,196,,
Hungary,yes,HUN,Europe,9920362,110,-0.23,70,9,13,74,75000,99,10.9,90500,1.25E+11,12560,1.26,,2.02E+11,14821,115,2281089,22.9,,35983000000,6573000000,222000000,10738000000,15685000000,144000000,2708000000,0.239,215,72000,12300000,5890,345,7.2,29.7,120,0.88,38500
Iceland,yes,ISL,Europe,320716,3,-0.14,94,14,6.4,82,5430,,6,100000,13586213061,42362,-4.1,113,1.16E+11,362942,999,111644,34.3,,17211000000,,12507000000,,,2000000,17209000000,0.168,12.5,5400,2400000,,745,,55.2,107,0.1,180
India,yes,IND,Asia,1236686732,405,1.29,32,21,7.97,66,-2290000,,3.4,2970000,1.86E+12,1503,10.3,55,3.76E+11,240,20,14980000,1.21,75,1.05E+12,7.15E+11,1.31E+11,1.09E+11,33286000000,12223000000,1.83E+11,0.366,139,,72200000,979000,,0.7,2.49,62,0.56,2730000
Indonesia,yes,IDN,Asia,246864191,133,1.33,51,19,6.32,70,-700000,,6.6,1810000,8.77E+11,3551,6.22,50,2.51E+11,837,28,2983000,1.21,73,1.82E+11,81000000000,12419000000,37090000000,,42305000000,21989000000,0.229,25.6,,79400000,20300,66,,15.4,88,0.57,677000
Iran,yes,IRN,Asia,76424443,46,1.24,69,19,5.27,73,-300000,84,13.1,1630000,5.03E+11,6578,5.89,,9452000000,170,4,3076154,4.03,98,2.40E+11,425000000,12058000000,1.60E+11,359000000,66633000000,12277000000,0.498,11.4,,17700000,17200,,,37.6,73,2.15,563000
Iraq,yes,IRQ,Asia,32578209,71,2.65,67,31,5.46,69,450000,79,15.1,434000,2.16E+11,6625,6.9,74,50268000000,1641,64,,,98,54240000000,,4140000000,33675000000,,6972000000,4140000000,0.296,9.58,,785000,100,,,5.71,75,9.81,802000
Ireland,yes,IRL,Europe,4586897,66,0.55,63,16,6.1,81,50000,,14.7,68900,2.11E+11,45922,-1.06,191,2.16E+12,512083,1008.2,1039624,22.7,,27655000000,4700000000,707000000,14890000000,,417000000,5425000000,0.213,137,52900,92600000,1580,500,2.9,43.9,105,0.43,9350
Isle of Man,no,IMY,Europe,85284,147,0.84,51,,,,,,,570,,,,,,,,,,,,,,,,,,,,,,,,,,,,
Israel,yes,ISR,Asia,7910500,352,1.83,92,22,5.2,82,-76000,,6.9,21600,2.58E+11,32567,5.66,72,94034000000,12070,42,1937000,25.3,100,59645000000,35191000000,28000000,19748000000,,4359000000,267000000,0.324,83.7,,5380000,1930,322,3.37,47,123,5.05,185000
Italy,yes,ITA,Europe,59539717,202,0.31,69,9,9.6,82,900000,99,10.7,294000,2.01E+12,33814,1.72,59,2.46E+12,36841,108,13483000,22.1,,3.01E+11,50139000000,45823000000,1.45E+11,,19885000000,82962000000,0.204,,804000,31100000,38700,679,3.4,35.6,155,1.43,360000
Jamaica,yes,JAM,North America,2707805,248,0.35,52,15,7.99,73,-80000,87,13.7,10800,14794802081,5464,-1.48,83,14600000000,4660,92,123046,4.44,92,5141000000,,101000000,,,4720000000,421000000,0.324,201,,,,181,,9.14,116,0.23,2830
Japan,yes,JPN,Asia,127561489,350,-0.08,92,8,9.5,83,350000,,4.3,365000,5.94E+12,46548,4.65,31,3.02E+12,24000,60,36108452,28.4,,1.04E+12,2.81E+11,83197000000,3.74E+11,1.02E+11,1.05E+11,1.27E+11,0.271,89.1,,98900000,245000,590,,50.5,97,0.4,260000
Jordan,yes,JOR,Asia,6318000,68,2.19,83,28,3.72,73,400000,,12.2,88800,31015239496,4909,2.34,121,8345000000,903,20,197095,2.81,99,14647000000,,55000000,3958000000,,10623000000,66000000,0.312,7.95,,3440000,504,168,,6.2,103,6.72,116000
Kazakhstan,yes,KAZ,Asia,16791425,6,1.41,54,23,8.94,68,,,5.3,2700000,2.04E+11,12120,7.3,78,1.06E+11,6060,68,1592100,9.78,,86586000000,70220000000,7883000000,7940000000,,543000000,7883000000,0.793,3.52,126000,4060000,18500,219,,26.8,122,0.78,70500
Kenya,yes,KEN,Africa,43178141,72,2.69,24,36,9.16,60,-50000,,9.2,569000,40264403585,933,5.8,73,9526000000,200,25,42931,0.1,18,7849000000,,3451000000,,,2569000000,5280000000,0.149,10.7,,4650000,,24,,0.58,61,0.17,29100
Kiribati,yes,KIR,Oceania,100786,121,1.52,44,23,6.1,68,-1000,,,810,174984469,1736,-0.5,117,10000000,120,14,1000,0.99,,,,,,,,,0.376,,,,,,1.3,8.93,11,,
Korea North,yes,PRK,Asia,24763188,203,0.53,61,14,9.09,69,,,4.6,120000,,,,,12500000000,544,,,,26,21630000000,7850000000,13200000000,,,580000000,13200000000,,,,100000,,,,4.77,2,9.14,1380000
Korea South,yes,KOR,Asia,50004441,509,0.46,84,10,5.1,81,300000,,3.2,97100,1.22E+12,24454,6.5,110,4.37E+11,7567,37,18252201,37.2,,5.20E+11,2.25E+11,4598000000,1.16E+11,1.55E+11,16631000000,7479000000,0.378,106,79400,40000000,21600,363,,61.4,105,2.56,660000
Kosovo,yes,KSV,Europe,1807106,163,0.8,,18,7.1,70,,,,10900,6445460830,3567,3.2,71,,,,,,,5801000000,5675000000,105000000,,,21000000,105000000,,63.9,,,,113,,,,,
Kuwait,yes,KWT,Asia,3250496,168,4.84,98,21,2.98,74,300000,96,1.5,17800,1.83E+11,56367,-2.37,94,28210000000,15754,43,47000,1.45,100,57457000000,,,21841000000,,35616000000,,0.394,37.1,,3480000,,528,,15.7,133,1.36,22600
Kyrgyzstan,yes,KGZ,Asia,5607200,28,1.19,36,28,6.6,69,-175000,,8.4,192000,6605133551,1178,-0.47,146,3666000000,699,81,48114,0.88,,15158000000,482000000,14139000000,537000000,,,14139000000,0.429,,7210,495000,76,,4.79,8.93,99,0.78,20400
Laos,yes,LAO,Asia,6645827,28,2.02,35,27,6.41,67,-75000,,1.3,231000,9386913253,1412,8.53,85,5599000000,900,91,7547,0.11,63,,,,,,,,0.0766,20.1,2560,878000,,,,6.77,63,3.89,129000
Latin America & Caribbean (all income levels),no,LCN,,608545904,30,1.14,79,18,5.88,74,-3110000,,6.6,20100000,5.95E+12,9773,5.67,50,,,,50124083,8.38,94,1.48E+12,75951000000,7.70E+11,3.26E+11,32119000000,1.52E+11,8.36E+11,0.219,16.6,,217000000,,,2,18.1,96,0.85,2470000
Latin America & Caribbean (developing only),no,LAC,,581379260,30,1.16,79,18,5.85,74,-3020000,,6.56,19200000,5.47E+12,9404,5.86,49,,,,46511252,8.14,94,1.35E+12,56332000000,7.43E+11,3.03E+11,32119000000,1.43E+11,8.02E+11,0.211,16.8,,199000000,,,1.99,18,96,0.83,2330000
Latin America and the Caribbean,no,LCR,,,,,,,,,,,,,,,,,,,,,,,,,,,,,,,,,,,,,,,,
Latin America and the Caribbean (IFC classification),no,CLA,,,,,,,,,,,,,,,,,,,,,,,,,,,,,,,,,,,,,,,,
Latvia,yes,LVA,Europe,2034319,34,-2.08,68,10,14.3,74,-10000,,14.9,62200,28372577697,13947,-0.34,,35340000000,18527,146,481100,23.3,,6094000000,2000000,2887000000,3014000000,,1000000,3077000000,0.206,108,14300,2890000,89,319,5.9,24.3,110,0.51,5310
Least developed countries: UN classification,no,LDC,,877943413,42,2.3,29,33,9.71,60,-4920000,,5.8,20200000,7.16E+11,815,5.46,65,,,,1484170,0.17,32,1.67E+11,1434000000,64125000000,45926000000,,15532000000,64259000000,0.14,,,22900000,,,,0.99,34,0.78,3170000
Lebanon,yes,LBN,Asia,4424888,424,2.19,87,13,4.41,79,500000,,8.9,10200,43205095854,9764,8,134,32640000000,8815,88,451000,9.71,100,16365000000,,805000000,,,15560000000,805000000,0.295,,,2150000,,,,18.7,66,4.89,80000
Lesotho,yes,LSO,Africa,2051545,66,0.95,28,28,16,48,-20000,,26.5,30400,2328196275,1135,7.09,162,715400000,255,30,1451,0.07,17,,,,,,,,0.0042,,,,,,,2.47,49,0.23,2000
Liberia,yes,LBR,Africa,4190435,41,3.51,49,36,9.45,59,-20000,,3.7,96300,1733828405,414,10.9,122,400300000,65,22,,,,,,,,,,,0.299,,,,,,,0,40,0.14,2050
Libya,yes,LBY,Africa,6154623,3,1.27,78,21,4.17,75,-239000,90,8.9,1760000,81873662519,13303,5,,5278000000,972,9,67300,1.09,100,27614000000,,,15550000000,,12064000000,,0.329,,,1400000,,,,13.2,180,0.3,7000
Liechtenstein,yes,LIE,Europe,36656,226,0.75,14,10,6.6,82,,,,160,,,,,,,,11189,30.5,,,,,,,,,,,,,,831,,50.4,98,,
Lithuania,yes,LTU,Europe,2987773,49,-2.1,67,10,13.6,73,-28400,,13.2,62700,42343521966,14172,1.33,,32840000000,9995,80,640305,21.1,,4246000000,,480000000,2667000000,,209000000,1113000000,0.223,126,34900,593000,403,560,7,22.3,159,1.52,23400
Low & middle income,no,LMY,,5743616071,71,1.3,46,21,7.86,68,-17000000,,5.5,78400000,2.31E+13,4014,7.65,60,,,,293651166,5.15,77,1.00E+13,5.31E+12,1.98E+12,1.55E+12,3.07E+11,4.56E+11,2.24E+12,0.418,27.6,,1010000000,,,2.31,10.6,68,0.79,21100000
Low income,no,LIC,,830035274,53,2.19,28,32,9.63,61,-4340000,,5.14,15000000,5.27E+11,635,6.34,63,,,,1204923,0.15,30,1.91E+11,11542000000,81231000000,44723000000,,7428000000,83206000000,0.189,,,22600000,,,,0.96,33,0.98,3720000
Lower middle income,no,LMC,,2523370023,119,1.54,39,23,8.09,66,-10300000,,5.24,20600000,5.03E+12,1994,7.62,61,,,,35685015,1.41,73,2.23E+12,9.44E+11,3.87E+11,4.80E+11,1.31E+11,1.76E+11,4.68E+11,0.304,49.1,,257000000,,,,5.39,71,0.81,8230000
Luxembourg,yes,LUX,Europe,530946,196,1.83,86,11,7.4,81,25600,,5.1,2590,55143457330,103859,3.1,325,2.64E+12,3696467,3443,169700,32.4,,2645000000,,58000000,2340000000,,1000000,242000000,0.254,,7400,781000,373,739,,50.9,143,0.6,1510
Macao,yes,MAC,Asia,556783,19100,2.46,100,10,4.76,80,35000,,2,28,42981497744,77196,27.5,160,,,,144596,26,,,,,,,,,0.0199,1480,,1560000,,165,,29.2,210,,
Macedonia,yes,MKD,Europe,2105575,83,0.08,59,11,9.42,75,-5000,98,31,25200,9576482628,4548,2.9,130,6740000000,2668,60,288406,13.7,,6876000000,5286000000,1433000000,87000000,,69000000,1434000000,0.455,54.2,1440,,,168,4.5,19.4,102,0.83,8000
Madagascar,yes,MDG,Africa,22293914,36,2.81,33,35,7.4,63,-5000,,3.6,582000,9880703883,443,-0.37,69,2631000000,140,36,8667,0.04,17,,,,,,,,0.07,6.38,,588000,,,,1.09,37,0.19,21600
Malawi,yes,MWI,Africa,15906483,159,2.98,16,40,12.4,54,,,7.6,94300,4240492849,267,-9.53,,1214000000,77,24,1197,0.01,9,,,,,,,,0.114,,,53500,,,1.3,1.43,21,0.09,6800
Malaysia,yes,MYS,Asia,29239927,86,1.73,73,18,4.62,75,450000,,3.1,329000,3.05E+11,10432,7.43,162,95550000000,2570,31,2459900,8.41,99,1.30E+11,52983000000,7623000000,58158000000,,9977000000,8968000000,0.383,43.7,,39200000,3290,361,1.79,15.7,120,1.05,134000
Maldives,yes,MDV,Oceania,338442,1090,1.87,42,22,3.48,77,-53,,11.3,300,2113179304,6244,7.06,224,1015000000,2947,50,17858,5.28,,,,,,,,,0.315,,,,,28,,6.84,152,,
Mali,yes,MLI,Africa,14853572,12,3.1,36,47,14,54,-302000,,8.1,1220000,10340794110,696,5.82,69,2725000000,254,88,3196,0.02,,,,,,,,,0.0273,,,182000,,,,0.75,53,0.15,7800
Malta,yes,MLT,Europe,419455,1300,0.49,95,10,7.3,81,4510,,6.4,320,8740973918,20839,2.71,,48790000000,14233,72,132821,31.1,,2194000000,,,,,2181000000,11000000,0.234,,2700,1540000,,693,4.44,53.7,107,1.14,2130
Marshall Islands,yes,MHL,Oceania,52555,291,0.17,72,,,,,,,180,173000000,3292,5.6,,87000000,1377,54,,,,,,,,,,,0.58,,,,,,,,,,
Mauritania,yes,MRT,Africa,3796141,4,2.62,42,34,8.97,61,-20000,,31,1030000,3958701369,1043,4.3,162,2922000000,831,37,6697,0.18,,,,,,,,,0.234,1.03,,325000,,,,1.71,77,1.71,20900
Mauritius,yes,MUS,Africa,1291167,631,0.46,42,11,7.1,73,,,7.9,2030,11442063228,8862,4.11,121,2942000000,3937,52,139000,11.2,99,,,,,,,,0.215,102,,1310000,,174,3.4,28.2,97,0.41,2500
Mexico,yes,MEX,North America,120847477,61,1.25,78,19,4.49,77,-1200000,94,4.9,1940000,1.19E+12,9818,5.11,66,3.53E+11,1956,20,12717139,10.5,,2.96E+11,34132000000,36266000000,1.56E+11,10089000000,48371000000,46964000000,0.256,18.9,452000,32900000,449,269,1.5,17,78,0.62,330000
Mexico and Central America,no,MCA,,,,,,,,,,,,,,,,,,,,,,,,,,,,,,,,,,,,,,,,
Micronesia,yes,FSM,Oceania,103395,148,-0.35,23,24,6.25,69,-8190,,,700,326160961,3155,2.53,,60800000,556,25,,,,,,,,,,,0.303,,,,,,,8.12,27,,
Middle East & North Africa (all income levels),no,MEA,,395316900,34,2.01,63,23,5.4,72,963000,,10.7,11200000,3.46E+12,8754,5.49,95,,,,14516989,4,95,1.19E+12,47295000000,35731000000,7.31E+11,359000000,2.81E+11,38970000000,0.357,11,,175000000,1700,,,16.9,93,2.94,3990000
Middle East & North Africa (developing only),no,MNA,,339560601,38,1.75,60,24,5.77,71,-1630000,,12.06,8640000,1.60E+12,4698,5.09,,,,,9053770,2.94,94,6.54E+11,12104000000,35703000000,4.21E+11,359000000,1.67E+11,38692000000,0.344,10.1,,51000000,1700,,,16.1,82,3.1,3400000
Middle East and North Africa (IFC classification),no,CME,,,,,,,,,,,,,,,,,,,,,,,,,,,,,,,,,,,,,,,,
Middle income,no,MIC,,4913580797,76,1.16,50,19,7.57,70,-12700000,,5.56,63300000,2.25E+13,4582,7.68,60,,,,292446243,5.96,85,9.79E+12,5.30E+12,1.90E+12,1.50E+12,3.07E+11,4.49E+11,2.16E+12,0.425,30.5,,989000000,1830,,2.32,12.3,74,0.76,17300000
Moldova,yes,MDA,Europe,3559519,124,-0.1,48,12,13.9,69,-103000,99,5.6,32900,7284686576,2047,7.09,127,5167000000,1296,79,417177,11.9,,5786000000,,352000000,5414000000,,20000000,352000000,0.355,37.9,2420,544000,347,156,6.19,34.3,71,0.65,7750
Monaco,yes,MCO,Europe,37579,18400,1.45,100,,,,,,,2,,,,,16500000000,471428,240,16258,43.3,,,,,,,,,,3850,18,65400,,843,16.5,122,64,,
Mongolia,yes,MNG,Asia,2796484,2,1.5,69,23,6.81,67,-15000,,5.2,1550000,10321968595,3691,6.37,128,2070000000,686,41,104867,3.75,86,4753000000,4520000000,,,,233000000,,0.668,,1480,626000,1400,,6.75,6.32,93,1.35,17200
Montenegro,yes,MNE,Europe,621081,46,0.11,64,12,10.2,74,-2500,,19.6,13500,4045813953,6514,2.5,113,1200000000,939,24,69608,11.2,,2656000000,1452000000,1204000000,,,,1204000000,0.312,56.2,81,545000,,298,4,27.3,189,4.84,12200
Morocco,yes,MAR,Africa,32521143,71,1.16,57,23,6.33,70,-450000,,9,446000,95981572517,2902,3.64,87,29420000000,712,22,681568,2.1,99,24872000000,11679000000,1872000000,4051000000,,6578000000,2564000000,0.248,13.1,,6560000,4820,86,,10.1,101,2.08,246000
Mozambique,yes,MOZ,Africa,25203395,31,2.56,32,39,15,49,-25000,,7.5,786000,14376457305,570,7.08,100,4880000000,231,50,20484,0.08,15,16830000000,,16810000000,20000000,,,16810000000,0.139,,,560000,247,14,0.7,0.35,30,0.1,11200
Myanmar,yes,MMR,Asia,52797319,80,0.76,33,17,8.47,65,-100000,93,4.1,653000,,,,,5448000000,117,17,63859,0.12,49,7327000000,560000000,5151000000,1588000000,,28000000,5151000000,,5.08,56,1660000,,7,,0.99,1,1.66,513000
Namibia,yes,NAM,Africa,2259393,3,1.64,39,26,7.83,63,-3340,,16.7,823000,13399386550,5931,6.6,97,4204000000,1131,20,26598,1.18,44,1430000000,20000000,1404000000,,,6000000,1404000000,0.177,5.35,,632000,,107,,7.58,90,1.81,15200
Nepal,yes,NPL,Asia,27474377,187,1.13,17,22,6.95,67,-401000,,2.7,143000,19206800719,699,4.82,44,3774000000,161,35,171152,0.62,76,3312000000,,3309000000,,,3000000,3309000000,0.0713,,,777000,,6,,3.03,34,1.07,158000
Netherlands,yes,NLD,Europe,16754962,493,0.51,84,11,8.2,81,50000,,5.3,33700,7.70E+11,45961,1.53,168,2.66E+12,226503,344,6654000,39.8,,1.13E+11,24736000000,57000000,68438000000,4141000000,1454000000,12318000000,0.264,331,153000,31700000,17100,527,,43,115,0.48,43300
New Caledonia,yes,NCL,Oceania,258000,14,1.78,62,16,4.8,76,5660,97,,18300,,,,,79000000,385,3,47900,18.9,,,,,,,,,,,,,,,,31.6,90,,
New Zealand,yes,NZL,Oceania,4433000,17,1.2,86,14,6.51,81,75000,,6.9,263000,1.71E+11,38680,1.82,59,90230000000,52300,126,1240000,27.8,,44496000000,2167000000,25079000000,8512000000,,2000000,33752000000,0.238,35.1,,13900000,,712,2.3,42.2,108,0.36,8550
Nicaragua,yes,NIC,North America,5991733,48,1.36,58,23,4.64,74,-120000,,7.7,120000,10644973606,1777,3.3,101,5228000000,693,62,101312,1.69,72,3825000000,,444000000,,,2524000000,1301000000,0.2,17,123,,,57,1.1,4.99,68,0.48,12000
Niger,yes,NER,Africa,17157042,13,3.79,18,50,11.8,57,-28500,15,5.1,1270000,6773185511,395,8.37,69,1451000000,178,79,3669,0.02,,,,,,,,,0.108,1.52,,120000,,,,0.59,23,0.19,10700
Nigeria,yes,NGA,Africa,168833776,175,2.75,50,42,14.1,51,-300000,,7.5,911000,4.60E+11,2722,7.84,45,10100000000,71,5,14279,0.01,50,27034000000,,5650000000,17113000000,,4271000000,5650000000,0.0979,,,4720000,,,,0.25,55,0.31,162000
North America,no,NAC,,348692795,19,0.86,82,12,7.91,79,6100000,,8,18200000,1.81E+13,51826,2.58,33,,,,101655190,28.9,,4.97E+12,1.95E+12,6.97E+11,1.11E+12,9.15E+11,46055000000,9.26E+11,0.363,66.6,6830000,807000000,6150,782,2.9,44.2,90,0.88,1560000
Northern Mariana Islands,no,MNP,,53305,117,-2.6,92,,,,,,,460,,,,,,,,,,,,,,,,,,,,,,,,,43.1,,,
Norway,yes,NOR,Europe,5018573,16,1.25,80,12,8.5,81,150000,,3.2,304000,5.00E+11,99636,0.48,69,6.45E+11,131220,141,1814144,36.3,,1.27E+11,119000000,1.21E+11,4059000000,,30000000,1.22E+11,0.203,28.9,61600,,2760,584,3.3,28,114,0.97,25800
Not classified,no,INX,,,,,,,,,,,,,,,,,,,,,,,,,,,,,,,,,,,,,,,,
OECD members,no,OED,,1254326493,36,0.63,80,12,8,80,11900000,,7.99,34300000,4.68E+13,37342,2.9,56,,,,328283337,26.1,,1.08E+13,3.61E+12,1.39E+12,2.63E+12,2.09E+12,2.97E+11,2.07E+12,0.294,53.4,109000,1740000000,6660,558,3.77,41.5,101,0.94,5760000
Oman,yes,OMN,Asia,3314001,9,5.11,74,21,2.84,76,1030000,,8.1,310000,78289467471,23624,5.6,,9768000000,2962,16,71214,2.15,98,21874000000,,,17937000000,,3937000000,,0.434,19.2,,4430000,,,,9.19,164,2.95,47000
Other small states,no,OSS,,19858911,10,1.68,48,29,11,59,-122000,,13.95,1860000,96201229453,4844,5.11,112,,,,348088,1.76,,,1844000000,3417000000,584000000,,373000000,3426000000,0.186,,,,,,,6.32,78,1.08,74000
Pacific island small states,no,PSS,,2252782,34,1.3,37,25,6.14,69,-70500,,,64200,7924680270,3518,1.46,116,,,,19924,1.04,,,,,,,,,0.239,,,1680000,,,,7.86,56,,
Pakistan,yes,PAK,Asia,179160111,225,1.78,37,26,7.07,66,-1630000,,5.1,771000,2.25E+11,1255,1.61,33,67000000000,366,30,926922,0.52,67,95258000000,96000000,28517000000,27650000000,5265000000,33730000000,28517000000,0.225,32.9,298000,7970000,20600,18,,3.27,57,1.49,948000
Palau,yes,PLW,Oceania,20754,45,0.62,85,,,,,,,460,232478639,11202,3.3,142,,,,916,4.41,,,,,,,,,0.801,,,,,,,35.3,71,,
Panama,yes,PAN,North America,3802281,50,1.71,76,20,4.89,77,28600,,4.5,74300,37956200000,9982,5.85,155,13130000000,3927,52,294681,7.75,88,7857000000,510000000,4098000000,,,3226000000,4121000000,0.179,20.1,,7520000,,138,2.2,15,181,0.68,12000
Papua New Guinea,yes,PNG,Oceania,7167010,15,2.27,13,29,7.77,62,,63,2.3,453000,15653921367,2184,8,,4860000000,238,16,9200,0.13,,,,,,,,,0.22,,,1630000,,,,1.94,28,0.06,1900
Paraguay,yes,PRY,South America,6687361,16,1.75,62,24,5.61,72,-40000,,6.3,397000,24611040343,3680,13.1,100,5714000000,382,13,79658,1.19,97,57626000000,,57625000000,,,1000000,57625000000,0.114,7.88,5930,794000,,,1.3,6.15,92,0.81,25500
Peru,yes,PER,South America,29987800,23,1.13,78,20,5.34,74,-300000,94,4,1280000,1.93E+11,6424,8.45,52,52590000000,1126,22,1422773,4.74,86,39223000000,637000000,21573000000,14007000000,,2272000000,22307000000,0.202,6.55,,10100000,76,64,1.5,11.4,100,1.19,192000
Philippines,yes,PHL,Asia,96706764,313,1.68,49,25,6,68,-700000,,7,298000,2.50E+11,2587,7.63,65,58500000000,636,32,2146600,2.22,83,69176000000,25342000000,9698000000,20591000000,,3398000000,19823000000,0.159,,,28500000,,30,1,3.61,89,0.4,166000
Poland,yes,POL,Europe,38535873,126,0.08,61,10,9.9,76,-38100,100,10.1,304000,4.90E+11,12721,3.88,93,3.26E+11,6586,47,5954666,15.6,,1.63E+11,1.41E+11,2331000000,5821000000,,2453000000,13138000000,0.408,130,234000,4910000,14700,532,6.5,15.6,123,0.93,173000
Portugal,yes,PRT,Europe,10514844,116,0.05,62,9,10,79,100000,,15.6,91500,2.12E+11,20175,1.94,78,5.49E+11,47835,223,2390203,22.5,,51884000000,9848000000,11540000000,14916000000,,2684000000,24111000000,0.191,23.8,94300,11300000,3440,578,3.4,43,115,1.65,90300
Puerto Rico,yes,PRI,North America,3651545,420,-0.52,99,11,7.83,78,-104000,,15.9,8870,1.01E+11,27795,-0.41,,56820000000,15692,87,573035,15.5,,,,,,,,,,303,69,,,661,,19.1,79,,
Qatar,yes,QAT,Asia,2050514,151,11.2,99,11,1.46,78,500000,97,0.6,11600,1.90E+11,92633,16.7,104,1.37E+11,41988,55,183680,8.96,99,30730000000,,,30730000000,,,,0.323,84.7,,17200000,,,,19.2,125,0.77,11800
Romania,yes,ROM,Europe,20076727,88,-0.59,53,10,12.8,74,-45000,,7,230000,1.69E+11,8437,-0.94,85,1.32E+11,5082,67,3518000,16.2,,61999000000,24803000000,14728000000,8365000000,11747000000,769000000,16315000000,0.239,45.9,29400,3590000,4150,235,6.1,21.4,111,1.58,151000
Russian,yes,RUS,Asia,143178000,9,0.34,74,13,14.2,69,1100000,,5.5,16400000,2.02E+12,14091,4.5,52,6.32E+11,3634,23,20703653,14.5,,1.05E+12,1.64E+11,1.66E+11,5.19E+11,1.73E+11,27345000000,1.66E+11,0.595,5.87,141000,58700000,145000,,,29.5,166,1.77,1360000
Rwanda,yes,RWA,Africa,11457801,439,2.87,19,36,7.87,62,-45000,,0.6,24700,7133378888,623,6.26,43,3502900000,284,21.7,2716,0.02,,,,,,,,,0.0441,,,593000,,5,,0.39,33,0.63,35000
Samoa,yes,WSM,Oceania,188889,66,0.72,20,27,5.58,72,-12700,99,,2830,684273267,3623,0.53,93,235500000,968,47,,,,,,,,,,,0.184,,,,,,,,,,
San Marino,yes,SMR,Europe,31247,514,0.53,94,10,6.6,83,,,,60,,,,,274659000,8388,20.3,9902,31.7,,,,,,,,,,,,,,1260,3.85,59.8,99,,
Sao Tome and Principe,yes,STP,Oceania,188098,186,2.84,63,35,7.12,66,-1500,,,960,263328450,1400,4.51,66,316600000,2193,349,778,0.41,,,,,,,,,0.206,,,,,,2.9,4.27,58,,
Saudi Arabia,yes,SAU,Asia,28287855,13,1.71,83,20,3.29,75,300000,,5.6,2150000,7.34E+11,25946,7.43,84,1.34E+11,3176,19,1965751,6.95,99,2.50E+11,,,1.08E+11,,66147000000,,0.376,,,26500000,297,,,17,189,2.4,249000
Senegal,yes,SEN,Africa,13726021,67,2.85,43,38,7.92,63,-100000,,9.9,193000,14045680427,1023,4.27,67,4117000000,296,30,95561,0.7,54,3014000000,,257000000,53000000,,2598000000,313000000,0.255,7.52,,544000,,,,2.48,64,0.31,18600
Serbia,yes,SRB,Europe,7199077,83,-0.4,57,9,14.2,74,-100000,98,19.6,87500,38110737579,5294,1.01,99,32600000000,4178,80,1001964,12.9,,38024000000,28785000000,8667000000,501000000,,71000000,8667000000,0.568,49.5,4030,1240000,801,238,,38.4,125,0.9,28200
Seychelles,yes,SYC,Africa,88303,195,2.79,54,19,7.4,73,-1550,92,,460,1032199341,11689,5.64,,1453000000,15614,147,10189,11,,,,,,,,,0.384,110,,236000,,176,3.6,22.7,129,,840
Sierra Leone,yes,SLE,Africa,5978727,80,1.94,40,37,17.9,45,-21000,44,3.4,71600,3787392596,633,5.44,,827600000,340,61,,,,,,,,,,,0.0908,,,50200,,6,,0.3,35,0.45,10500
Singapore,yes,SGP,Asia,5312400,7250,1.77,100,10,4.4,82,400000,96,2.8,700,2.87E+11,54007,15.2,368,,,,1349200,25.4,100,45999000000,,,35879000000,,8464000000,1053000000,0.0378,476,5680,29100000,,149,2,37.5,145,4.88,148000
Sint Maarten (Dutch part),no,SXM,North America,39088,1110,-3.33,,,,,,,,34,,,,,,,,,,,,,,,,,,,,,,,,,,,,
Slovakia,yes,SVK,Europe,5407579,112,0.09,55,10,9.9,75,15000,,13.9,48100,91347809328,16893,4.18,,68440000000,10926,68,798387,14.7,,28288000000,4038000000,3778000000,3150000000,15411000000,586000000,4999000000,0.28,88.4,31400,45100,4860,364,6,17.9,109,0.58,15900
Slovenia,yes,SVN,Europe,2057159,102,0.44,50,11,9.1,79,22000,100,8.8,20100,45378388796,22059,1.38,,61230000000,25555,47.6,501973,24.3,,15913000000,5307000000,3559000000,489000000,6215000000,16000000,3878000000,0.278,193,733,817000,742,567,4.6,40.1,103,1.33,13600
Small states,no,SST,,29076151,12,1.4,46,26,9.82,63,-315000,,13.16,2330000,1.69E+11,5826,3.17,105,,,,890159,3.14,,,1844000000,3518000000,9427000000,,5117000000,3847000000,0.386,,,11900000,,,,9.18,85,0.88,90000
Solomon Islands,yes,SLB,Oceania,549598,19,2.21,21,31,6.09,67,-11900,,4.6,28000,999972421,1819,7.82,,166000000,355,44,2132,0.39,,,,,,,,,0.219,,,138000,,,,1.47,22,,
Somalia,yes,SOM,Africa,10195134,15,2.69,38,44,13,54,-150000,,7.6,627000,,,,,2942000000,386,,40000,0.39,,,,,,,,,,,,179000,,,,0.69,7,0.66,20000
South Africa,no,ZAF,Africa,52274945,42,1.33,62,21,13.9,54,-100000,94,25,1210000,3.82E+11,7314,3.14,62,1.38E+11,1613,23,1107200,2.11,76,2.60E+11,2.43E+11,2057000000,,13502000000,197000000,2465000000,0.791,,,17600000,,165,,9.25,98,0.33,62100
South Asia,no,SAS,,1649249388,337,1.35,31,21,7.66,66,-7080000,,3.76,4770000,2.30E+12,1396,9.13,53,,,,17068659,1.03,71,1.22E+12,7.17E+11,1.68E+11,1.76E+11,38551000000,53903000000,2.21E+11,0.332,101,,89600000,20600,,0.69,2.55,60,0.71,4620000
South Asia (IFC classification),no,CSA,,,,,,,,,,,,,,,,,,,,,,,,,,,,,,,,,,,,,,,,
South Sudan,yes,SSD,Africa,10837527,,4.32,18,37,12.8,54,865000,,,,10560000000,974,3.12,52,,,,17,0,,,,,,,,,,,,,,,,0,,,210000
Southern Cone Extended,no,SCE,,,,,,,,,,,,,,,,,,,,,,,,,,,,,,,,,,,,,,,,
Spain,yes,ESP,Europe,46761264,93,0.46,78,10,8.2,82,600000,98,25.2,499000,1.32E+12,28282,-0.2,65,2.29E+12,52045,167,11396347,24.4,,2.89E+11,44927000000,30596000000,84517000000,57731000000,14772000000,86224000000,0.185,132,395000,48100000,22400,593,3.1,41.9,111,0.92,216000
Sri Lanka,yes,LKA,Asia,20328000,329,0.99,15,18,6.99,74,-317000,,4.8,62700,59393056426,2922,8.02,59,22820000000,881,36,354000,1.68,77,11646000000,1038000000,4619000000,,,5846000000,4762000000,0.0829,174,,4620000,,48,,16.3,84,2.67,223000
St. Kitts and Nevis,yes,KNA,North America,53584,201,1.19,32,,,,,,,260,731851852,13658,-3.28,80,189100000,6408,79,13000,24.3,,,,,,,,,0.237,,,,,,4.8,37.3,153,,
St. Lucia,yes,LCA,North America,180870,291,1.25,17,16,6.79,74,40,,,610,1318148148,7288,-0.73,104,471400000,1586,32,24573,13.6,,,,,,,,,0.22,,,,,,1.6,20.4,112,,
St. Vincent and the Grenadines,yes,VCT,North America,109373,280,0.06,50,17,7.19,72,-5000,,,390,694444444,6349,-3.3,86,252200000,4477,85,13616,12.4,,,,,,,,,0.196,,,,,,2.7,17.7,121,,
Sint Maarten,yes,SXM,North America,30959,556,1.38,,16,3.8,79,,,,54,,,,,,,,,,,,,,,,,,,,,,,,,,,,
Sub-Saharan Africa (all income levels),no,SSF,,912212022,37,2.7,37,38,12,55,-1520000,,7.56,23600000,1.52E+12,1666,5.07,66,,,,1990821,0.22,35,4.48E+11,2.46E+11,89094000000,28269000000,13502000000,15595000000,91614000000,0.268,,,45400000,,,,1.31,45,0.47,1860000
Sub-Saharan Africa (developing only),no,SSA,,911475726,37,2.7,37,38,12,55,-1540000,,7.56,23600000,1.50E+12,1650,5.13,66,,,,1989341,0.22,35,4.45E+11,2.46E+11,89094000000,28269000000,13502000000,15595000000,91614000000,0.269,,,45100000,,,,1.31,45,0.47,1860000
Sub-Saharan Africa (IFC classification),no,CAA,,,,,,,,,,,,,,,,,,,,,,,,,,,,,,,,,,,,,,,,
Sudan,yes,SDN,Africa,37195349,19,2.27,33,34,8.62,62,-800000,,14.8,2380000,63029562337,1695,3.48,23,39700000000,946,55,24789,0.07,36,8600000000,,6466000000,,,2134000000,6466000000,0.0953,,,777000,13,,,1.14,42,2.27,264000
Suriname,yes,SUR,South America,534541,3,0.92,70,18,7.23,70,-5000,,12.7,156000,5012121212,9376,4.22,,504300000,1011,28,29268,5.48,,,,,,,,,0.328,,,241000,,292,,16.2,99,0.88,1840
Swaziland,yes,SWZ,Africa,1230985,69,1.65,21,30,14.4,48,-6000,,22.5,17200,4049589166,3290,1.87,,737300000,428,14,3429,0.28,,,,,,,,,0.134,,,,0,,2.1,3.7,61,,
Sweden,yes,SWE,Europe,9519374,23,0.85,85,12,9.6,82,200000,,8,410000,5.24E+11,55039,6.56,91,1.03E+12,91487,187,3069880,32.3,,1.50E+11,1391000000,66434000000,1549000000,60475000000,791000000,84059000000,0.142,128,109000,,6420,520,2.7,43.8,117,0.32,16100
Switzerland,yes,CHE,Europe,7996861,196,1.04,74,10,8,82,320000,,4.2,40000,6.31E+11,78929,2.95,94,1.56E+12,154063,229,3210631,40.1,,62897000000,,32390000000,993000000,26710000000,58000000,33998000000,0.102,173,91200,26400000,17700,566,5,59,123,0.49,22700
Syria,yes,SYR,Asia,22399254,117,2.35,57,24,3.64,75,-1500000,85,8.3,184000,,,,,8818000000,373,13,242154,1.11,93,41079000000,,3283000000,21513000000,,16283000000,3283000000,,37.7,,908000,1860,74,,19.4,54,2.82,178000
Tajikistan,yes,TJK,Asia,8008990,55,2.39,27,33,6.58,67,-100000,100,11.5,140000,7633049792,953,6.5,91,2771000000,262,35,5400,0.07,,16219000000,,16027000000,192000000,,,16027000000,0.181,,,650000,24,,5.5,4.91,78,0.47,16300
Tanzania,yes,TZA,Africa,47783107,51,3.01,27,40,9.6,59,-150000,,3.5,886000,28248631876,609,7.04,77,11180000000,183,33,39805,0.08,15,5302000000,60000000,2615000000,2586000000,,41000000,2615000000,0.103,8.84,,1030000,,,,0.37,47,0.12,28400
Thailand,yes,THA,Asia,66785001,130,0.19,35,10,7.35,74,100000,,0.7,511000,3.66E+11,5480,7.81,149,1.16E+11,1292,26,4352000,6.52,88,1.56E+11,34809000000,8163000000,1.07E+11,,2062000000,12549000000,0.354,,,36400000,7500,160,,9.55,108,1.15,454000
East Timor,yes,TMP,Oceania,1148958,72,1.63,29,36,6.29,66,-75000,,4,14900,1355000000,1179,9.49,,,,,600,0.05,38,,,,,,,,0.0959,,,,,,,0.27,44,0.57,1330
Togo,yes,TGO,Africa,6642928,116,2.6,39,37,11.3,56,-9990,,7.6,54400,3915754216,589,4,,,,,7026,0.11,28,139000000,,103000000,,,34000000,105000000,0.2,,,746000,,,0.7,0.93,41,0.3,9300
Tonga,yes,TON,Africa,104941,145,0.52,24,26,6.13,72,-8080,,,720,471575497,4494,3.33,81,118600000,799,33,1500,1.43,,,,,,,,,0.31,,,,,,,28.6,52,,
Trinidad and Tobago,yes,TTO,North America,1337439,259,0.42,14,15,9.2,70,-15000,99,5.8,5130,23436342520,17523,0.21,,4780000000,3502,21,183957,13.8,99,8867000000,,,8843000000,,24000000,,1.33,,,2630000,,,,21.4,143,0.6,4050
Tunisia,yes,TUN,Africa,10777500,68,1.04,67,19,5.7,75,-32900,,12.8,155000,45238491581,4197,3.61,107,24490000000,1779,42,527915,4.85,100,16130000000,,54000000,15957000000,,10000000,163000000,0.241,11.9,,3580000,1530,125,,10.1,105,1.22,47800
Turkey,yes,TUR,Asia,73997128,94,1.25,72,17,5.75,74,350000,95,9.2,770000,7.89E+11,10661,9.16,58,3.31E+11,3794,40,7858170,10.6,,2.29E+11,66217000000,52338000000,1.04E+11,,904000000,58098000000,0.255,46.9,227000,63400000,4600,155,2.5,18.7,86,2.27,613000
Turkmenistan,yes,TKM,Asia,5172931,11,1.26,49,22,7.76,65,-25000,100,11.3,470000,35164210526,6798,9.2,118,428900000,978,25,1400,0.03,,17220000000,,,17220000000,,,,1.07,,,148000,1810,,4.07,11.1,63,0.97,22000
Turks and Caicos Islands,no,TCA,North America,32427,33,2.44,94,,,,,,,950,,,,,,,,,,,,,,,,,,,,,,,,,,,,
Tuvalu,no,TUV,Oceania,9860,328,0.19,51,,,,,,,30,39875708,4044,-2.73,,,,,550,5.58,,,,,,,,,,,,,,,,14.7,16,,
Uganda,yes,UGA,Africa,36345860,170,3.36,16,44,10.2,57,-150000,,4.2,200000,20032237910,551,5.86,62,4126000000,85,17,38400,0.11,9,,,,,,,,0.0877,,,182000,,,,0.87,38,0.32,46800
Ukraine,yes,UKR,Europe,45593300,79,-0.4,69,11,15.2,70,-40000,100,7.7,579000,1.77E+11,3873,4.2,110,1.35E+11,2144,71,3643460,8,,1.95E+11,74494000000,10946000000,18451000000,90248000000,555000000,11199000000,0.862,28.1,51500,5830000,49200,173,,26.8,117,0.93,215000
United Arab Emirates,yes,ARE,Asia,9205651,101,8.96,85,15,1.1,77,514000,,3.8,83600,3.84E+11,41692,1.67,170,1.64E+11,24273,41,951785,10.3,100,99137000000,,,97453000000,,1684000000,,0.353,,,59900000,,,,21.4,129,0.82,51000
United Kingdom,yes,GBR,Europe,63695687,259,0.78,80,13,9,80,900000,,7.9,242000,2.46E+12,38649,1.66,66,1.01E+13,160158,406,21618675,34.4,,3.65E+11,1.10E+11,5686000000,1.47E+11,68980000000,3665000000,34408000000,0.23,172,710000,115000000,64300,518,2.9,52.9,124,0.52,169000
United States,yes,USA,North America,313873685,34,0.83,83,13,8,79,5000000,,8.1,9150000,1.62E+13,51755,2.51,30,1.73E+13,52170,106,90341000,28.5,,4.33E+12,1.88E+12,3.22E+11,1.05E+12,8.21E+11,39524000000,5.29E+11,0.363,66.6,6830000,737000000,9520,782,2.9,43.5,91,0.94,1490000
Upper middle income,no,UMC,,2390210774,55,0.76,61,15,7.02,74,-2310000,,5.82,42700000,1.75E+13,7314,7.7,60,,,,256761228,10.8,97,7.57E+12,4.35E+12,1.52E+12,1.02E+12,1.76E+11,2.72E+11,1.69E+12,0.482,23.8,,732000000,1810,98,3.38,19.5,77,0.73,9100000
Uruguay,yes,URY,South America,3395253,19,0.34,93,15,9.32,77,-30000,98,6,175000,50004354667,14728,8.4,56,11610000000,3989,33,563108,16.6,99,10344000000,,6479000000,91000000,,2816000000,7437000000,0.122,,,,,206,3,29.8,132,1.47,25500
Uzbekistan,yes,UZB,Asia,29774500,67,2.82,36,21,4.9,68,-200000,99,11.3,425000,51183443225,1719,8.5,58,10460000000,150,11,212729,0.75,,52400000000,2140000000,10200000000,39517000000,,543000000,10200000000,0.891,,68000,2590000,3030,,,6.94,76,0.52,68000
Vanuatu,yes,VUT,Oceania,247262,19,2.34,25,27,4.88,71,,83,,12200,786938335,3183,1.63,98,307700000,389,22,310,0.13,,,,,,,,,0.173,,,319000,,,,2.16,72,,
Venezuela,yes,VEN,South America,29954782,33,1.6,94,20,5.18,74,40000,,7.8,882000,3.81E+11,12729,-1.49,50,1.06E+11,1906,19,2007540,6.7,100,1.22E+11,,83670000000,20975000000,,17414000000,83670000000,0.428,,,7740000,,,0.9,25.5,96,0.83,115000
Vietnam,yes,VNM,Asia,88772900,280,1.05,32,16,5.61,75,-200000,,2,310000,1.56E+11,1755,6.42,157,68380000000,379,32,4446600,4.9,98,99179000000,20920000000,29820000000,43548000000,,4749000000,29962000000,0.393,,69200,17000000,4560,,,11.2,125,0.99,522000
Virgin Islands (U.S.),no,VIR,North America,105275,304,-0.41,96,11,7.2,79,-3600,,,350,,,,,,,,,,,,,,,,,,,,,,,,,,,,
Palestine,yes,WBG,Asia,4046901,633,2.9,75,31,3.53,73,-43800,96,23,6020,10238909204,2530,3.44,79,1040000000,414,,186380,4.42,,,,,,,,,0.162,77.8,,,,43,,9.34,65,5.69,56000
World,no,WLD,,7043105591,53,1.17,53,19,8.05,70,,,5.94,130000000,7.29E+13,10351,4.07,61,,,,636480417,9.09,78,2.22E+13,9.13E+12,3.47E+12,4.85E+12,2.58E+12,8.68E+11,4.40E+12,0.386,30.9,,2890000000,,,,16.7,77,0.85,28200000
Yemen Rep.,yes,YEM,Asia,23852409,43,2.37,33,31,7.49,63,-135000,66,17.6,528000,31992801303,1341,3.32,,6726000000,293,23,167300,0.7,40,6206000000,,,1342000000,,4864000000,,0.216,,,1300000,,,,4.63,49,2.01,138000
Zambia,yes,ZMB,Africa,14075099,18,3.01,40,43,11.9,55,-40000,,13.1,743000,20596424325,1463,7.62,90,5445000000,264,22,14794,0.11,19,11454000000,,11414000000,,,40000000,11414000000,0.0674,,,127000,,,,0.59,41,0.28,16500
Zimbabwe,yes,ZWE,Africa,13724317,34,1.45,39,32,11.6,54,400000,,4,387000,12472416688,909,11.4,94,6975000000,609,103,71445,0.52,37,8925000000,2258000000,6572000000,,,27000000,6640000000,0.495,,,321000,,,1.7,2.2,59,0.72,50800
